"DESCRIPTION","DURATION IN MS","NAME","PARENT SUITE","START TIME","STATUS","STOP TIME","SUB SUITE","SUITE","TEST CLASS","TEST METHOD"
"Example test for checking if booking is deleted by retrieving a deleted booking - Get request","30","checkBookingIsDeleted","Restful Booker Test Suite","2026-06-04","passed","2026-06-04","com.restfulbooker.RestfulBookerE2ETests","Restful Booker tests on Jenkins","com.restfulbooker.RestfulBookerE2ETests","checkBookingIsDeleted"
"Example test for creating new booking - Post request","2594","createBookingTest","Restful Booker Test Suite","2026-06-04","passed","2026-06-04","com.restfulbooker.RestfulBookerE2ETests","Restful Booker tests on Jenkins","com.restfulbooker.RestfulBookerE2ETests","createBookingTest"
"Example test for fetching token value - Post request","82","testTokenGeneration","Restful Booker Test Suite","2026-06-04","passed","2026-06-04","com.restfulbooker.RestfulBookerE2ETests","Restful Booker tests on GitHub Actions","com.restfulbooker.RestfulBookerE2ETests","testTokenGeneration"
"Example test for checking json schema for token authentication - Post request","65","testCreateJsonSchema","Restful Booker Test Suite","2026-06-04","passed","2026-06-04","com.restfulbooker.JsonSchemaValidationTest","Restful Booker JSON Schema Validation tests for GitHub Actions","com.restfulbooker.JsonSchemaValidationTest","testCreateJsonSchema"
"Example test for deleting a booking - Delete request","31","deleteBookingTest","Restful Booker Test Suite","2026-06-04","passed","2026-06-04","com.restfulbooker.RestfulBookerE2ETests","Restful Booker tests on Jenkins","com.restfulbooker.RestfulBookerE2ETests","deleteBookingTest"
"Example test for retrieving a booking - Get request","231","getBookingTest","Restful Booker Test Suite","2026-06-04","passed","2026-06-04","com.restfulbooker.RestfulBookerE2ETests","Restful Booker tests on Jenkins","com.restfulbooker.RestfulBookerE2ETests","getBookingTest"
"Example test for checking json schema for new booking - Post request","2436","testCreateBookingJsonSchema","Restful Booker Test Suite","2026-06-04","passed","2026-06-04","com.restfulbooker.JsonSchemaValidationTest","Restful Booker JSON Schema Validation tests for GitHub Actions","com.restfulbooker.JsonSchemaValidationTest","testCreateBookingJsonSchema"
"","51","testGetAllOrders","Restful ECommerce Test Suite","2026-06-04","passed","2026-06-04","restfulecommerce.endtoend.RestfulEcommerceE2ETests","Restful ECommerce End to End tests","restfulecommerce.endtoend.RestfulEcommerceE2ETests","testGetAllOrders"
"","47","testUpdateOrder","Restful ECommerce Test Suite","2026-06-04","passed","2026-06-04","restfulecommerce.endtoend.RestfulEcommerceE2ETests","Restful ECommerce End to End tests","restfulecommerce.endtoend.RestfulEcommerceE2ETests","testUpdateOrder"
"Example test for updating a booking partially- Patch request","66","updatePartialBookingTest","Restful Booker Test Suite","2026-06-04","passed","2026-06-04","com.restfulbooker.RestfulBookerE2ETests","Restful Booker tests on Jenkins","com.restfulbooker.RestfulBookerE2ETests","updatePartialBookingTest"
"Example test for deleting a booking - Delete request","30","deleteBookingTest","Restful Booker Test Suite","2026-06-04","passed","2026-06-04","com.restfulbooker.RestfulBookerE2ETests","Restful Booker tests on GitHub Actions","com.restfulbooker.RestfulBookerE2ETests","deleteBookingTest"
"Example test for checking if booking is deleted by retrieving a deleted booking - Get request","28","checkBookingIsDeleted","Restful Booker Test Suite","2026-06-04","passed","2026-06-04","com.restfulbooker.RestfulBookerE2ETests","Restful Booker tests on GitHub Actions","com.restfulbooker.RestfulBookerE2ETests","checkBookingIsDeleted"
"","23","testDeleteOrder","Restful ECommerce Test Suite","2026-06-04","passed","2026-06-04","restfulecommerce.endtoend.RestfulEcommerceE2ETests","Restful ECommerce End to End tests","restfulecommerce.endtoend.RestfulEcommerceE2ETests","testDeleteOrder"
"","23","testDeleteAllOrders","Restful ECommerce Test Suite","2026-06-04","passed","2026-06-04","restfulecommerce.endtoend.RestfulEcommerceE2ETests","Restful ECommerce End to End tests","restfulecommerce.endtoend.RestfulEcommerceE2ETests","testDeleteAllOrders"
"","61","testCreateToken","Restful ECommerce Test Suite","2026-06-04","passed","2026-06-04","restfulecommerce.endtoend.ImageUploadTest","Restful ECommerce Image Upload test","restfulecommerce.endtoend.ImageUploadTest","testCreateToken"
"Example test for checking json schema after getting a booking - get request","102","testGetBookingJsonSchema","Restful Booker Test Suite","2026-06-04","passed","2026-06-04","com.restfulbooker.JsonSchemaValidationTest","Restful Booker JSON Schema Validation tests for GitHub Actions","com.restfulbooker.JsonSchemaValidationTest","testGetBookingJsonSchema"
"","42","updatePartialOrderTest","Restful ECommerce Test Suite","2026-06-04","passed","2026-06-04","restfulecommerce.endtoend.RestfulEcommerceE2ETests","Restful ECommerce End to End tests","restfulecommerce.endtoend.RestfulEcommerceE2ETests","updatePartialOrderTest"
"","81","testCreateOrder","Restful ECommerce Test Suite","2026-06-04","passed","2026-06-04","restfulecommerce.endtoend.RestfulEcommerceE2ETests","Restful ECommerce End to End tests","restfulecommerce.endtoend.RestfulEcommerceE2ETests","testCreateOrder"
"Printing numbers to words using SOAP API","998","testNumberToWordsAPI","SOAP API Test Suite","2026-06-04","passed","2026-06-04","soapapitests.NumberToWordsTest","SOAP API Number to Words Test","soapapitests.NumberToWordsTest","testNumberToWordsAPI"
"Example test for creating new booking - Post request","2597","createBookingTest","Restful Booker Test Suite","2026-06-04","passed","2026-06-04","com.restfulbooker.RestfulBookerE2ETests","Restful Booker tests on GitHub Actions","com.restfulbooker.RestfulBookerE2ETests","createBookingTest"
"Example test for checking json schema after updating a booking - Put request","54","testUpdateBookingJsonSchema","Restful Booker Test Suite","2026-06-04","passed","2026-06-04","com.restfulbooker.JsonSchemaValidationTest","Restful Booker JSON Schema Validation tests for GitHub Actions","com.restfulbooker.JsonSchemaValidationTest","testUpdateBookingJsonSchema"
"Example test for updating a booking partially- Patch request","57","updatePartialBookingTest","Restful Booker Test Suite","2026-06-04","passed","2026-06-04","com.restfulbooker.RestfulBookerE2ETests","Restful Booker tests on GitHub Actions","com.restfulbooker.RestfulBookerE2ETests","updatePartialBookingTest"
"","190","testUploadImage","Restful ECommerce Test Suite","2026-06-04","passed","2026-06-04","restfulecommerce.endtoend.ImageUploadTest","Restful ECommerce Image Upload test","restfulecommerce.endtoend.ImageUploadTest","testUploadImage"
"","148","testCreateToken","Restful ECommerce Test Suite","2026-06-04","passed","2026-06-04","restfulecommerce.endtoend.RestfulEcommerceE2ETests","Restful ECommerce End to End tests","restfulecommerce.endtoend.RestfulEcommerceE2ETests","testCreateToken"
"Example test for updating a booking - Put request","108","updateBookingTest","Restful Booker Test Suite","2026-06-04","passed","2026-06-04","com.restfulbooker.RestfulBookerE2ETests","Restful Booker tests on Jenkins","com.restfulbooker.RestfulBookerE2ETests","updateBookingTest"
"","73","testGetOrder","Restful ECommerce Test Suite","2026-06-04","passed","2026-06-04","restfulecommerce.endtoend.RestfulEcommerceE2ETests","Restful ECommerce End to End tests","restfulecommerce.endtoend.RestfulEcommerceE2ETests","testGetOrder"
"Example test for fetching token value - Post request","44","testTokenGeneration","Restful Booker Test Suite","2026-06-04","passed","2026-06-04","com.restfulbooker.RestfulBookerE2ETests","Restful Booker tests on Jenkins","com.restfulbooker.RestfulBookerE2ETests","testTokenGeneration"
"Example test for updating a booking - Put request","234","updateBookingTest","Restful Booker Test Suite","2026-06-04","passed","2026-06-04","com.restfulbooker.RestfulBookerE2ETests","Restful Booker tests on GitHub Actions","com.restfulbooker.RestfulBookerE2ETests","updateBookingTest"
"Example test for checking json schema after updating a booking partially - Patch request","93","testUpdatePartialBookingJsonSchema","Restful Booker Test Suite","2026-06-04","passed","2026-06-04","com.restfulbooker.JsonSchemaValidationTest","Restful Booker JSON Schema Validation tests for GitHub Actions","com.restfulbooker.JsonSchemaValidationTest","testUpdatePartialBookingJsonSchema"
"","20","testGetDeletedOrder","Restful ECommerce Test Suite","2026-06-04","passed","2026-06-04","restfulecommerce.endtoend.RestfulEcommerceE2ETests","Restful ECommerce End to End tests","restfulecommerce.endtoend.RestfulEcommerceE2ETests","testGetDeletedOrder"
"Example test for retrieving a booking - Get request","191","getBookingTest","Restful Booker Test Suite","2026-06-04","passed","2026-06-04","com.restfulbooker.RestfulBookerE2ETests","Restful Booker tests on GitHub Actions","com.restfulbooker.RestfulBookerE2ETests","getBookingTest"
